ano,mes,categoria,total_interacoes,usuarios_ativos,total_visualizacoes,total_inicios,total_conclusoes,total_curtidas,taxa_conclusao_pct,tempo_total_consumido_min,tempo_medio_min,avaliacao_media,_data_carga_gold,_lote_processamento
2026,1,Banco De Dados,14,14,4,4,4,1,100.0,2335.0,166.79,,2026-09-27T19:37:25.908476+00:00,LOTE_BEAM_20260927_193725_cff691
2026,1,Business Intelligence,14,13,7,2,3,0,150.0,814.0,58.14,,2026-09-27T19:37:25.908476+00:00,LOTE_BEAM_20260927_193725_cff691
2026,1,Ciência De Dados,15,15,6,3,5,0,166.67,2730.0,182.0,,2026-09-27T19:37:25.908476+00:00,LOTE_BEAM_20260927_193725_cff691
2026,1,Devops & Cloud,15,14,3,3,2,5,66.67,801.0,53.4,,2026-09-27T19:37:25.908476+00:00,LOTE_BEAM_20260927_193725_cff691
2026,1,Engenharia De Dados,16,15,9,1,3,2,300.0,5772.0,360.75,,2026-09-27T19:37:25.908476+00:00,LOTE_BEAM_20260927_193725_cff691
2026,1,Inteligência Artificial,15,14,4,2,3,5,150.0,1007.0,67.13,,2026-09-27T19:37:25.908476+00:00,LOTE_BEAM_20260927_193725_cff691
2026,1,Programação & Software,15,14,5,3,1,4,33.33,1331.0,88.73,,2026-09-27T19:37:25.908476+00:00,LOTE_BEAM_20260927_193725_cff691
2026,1,Segurança & Governança,19,19,11,2,1,2,50.0,3272.0,172.21,,2026-09-27T19:37:25.908476+00:00,LOTE_BEAM_20260927_193725_cff691
2026,2,Banco De Dados,14,13,6,3,2,0,66.67,1395.0,99.64,,2026-09-27T19:37:25.908476+00:00,LOTE_BEAM_20260927_193725_cff691
2026,2,Business Intelligence,21,20,9,1,3,3,300.0,3151.0,150.05,,2026-09-27T19:37:25.908476+00:00,LOTE_BEAM_20260927_193725_cff691
2026,2,Ciência De Dados,22,19,12,5,0,4,0.0,5199.0,236.32,,2026-09-27T19:37:25.908476+00:00,LOTE_BEAM_20260927_193725_cff691
2026,2,Devops & Cloud,27,27,6,4,5,5,125.0,4170.0,154.44,,2026-09-27T19:37:25.908476+00:00,LOTE_BEAM_20260927_193725_cff691
2026,2,Engenharia De Dados,18,17,7,3,4,2,133.33,5056.0,280.89,,2026-09-27T19:37:25.908476+00:00,LOTE_BEAM_20260927_193725_cff691
2026,2,Inteligência Artificial,14,13,3,2,3,4,150.0,3065.0,218.93,,2026-09-27T19:37:25.908476+00:00,LOTE_BEAM_20260927_193725_cff691
2026,2,Programação & Software,11,11,4,1,4,0,400.0,2190.0,199.09,,2026-09-27T19:37:25.908476+00:00,LOTE_BEAM_20260927_193725_cff691
2026,2,Segurança & Governança,20,19,11,2,2,1,100.0,4585.0,229.25,,2026-09-27T19:37:25.908476+00:00,LOTE_BEAM_20260927_193725_cff691
2026,3,Banco De Dados,13,13,4,2,3,3,150.0,3144.0,241.85,,2026-09-27T19:37:25.908476+00:00,LOTE_BEAM_20260927_193725_cff691
2026,3,Business Intelligence,21,21,5,8,2,1,25.0,5462.0,260.1,,2026-09-27T19:37:25.908476+00:00,LOTE_BEAM_20260927_193725_cff691
2026,3,Ciência De Dados,13,12,4,4,1,0,25.0,1263.0,97.15,,2026-09-27T19:37:25.908476+00:00,LOTE_BEAM_20260927_193725_cff691
2026,3,Devops & Cloud,20,19,5,5,4,3,80.0,1233.0,61.65,,2026-09-27T19:37:25.908476+00:00,LOTE_BEAM_20260927_193725_cff691
2026,3,Engenharia De Dados,11,9,5,4,1,1,25.0,671.0,61.0,,2026-09-27T19:37:25.908476+00:00,LOTE_BEAM_20260927_193725_cff691
2026,3,Inteligência Artificial,16,16,5,4,1,2,25.0,821.0,51.31,,2026-09-27T19:37:25.908476+00:00,LOTE_BEAM_20260927_193725_cff691
2026,3,Programação & Software,16,16,5,1,8,1,800.0,2593.0,162.06,,2026-09-27T19:37:25.908476+00:00,LOTE_BEAM_20260927_193725_cff691
2026,3,Segurança & Governança,14,14,8,2,0,2,0.0,873.0,62.36,,2026-09-27T19:37:25.908476+00:00,LOTE_BEAM_20260927_193725_cff691
2026,4,Banco De Dados,14,14,3,3,2,0,66.67,964.0,68.86,,2026-09-27T19:37:25.908476+00:00,LOTE_BEAM_20260927_193725_cff691
2026,4,Business Intelligence,19,15,5,5,2,2,40.0,2194.0,115.47,,2026-09-27T19:37:25.908476+00:00,LOTE_BEAM_20260927_193725_cff691
2026,4,Ciência De Dados,14,12,4,1,2,3,200.0,2114.0,151.0,,2026-09-27T19:37:25.908476+00:00,LOTE_BEAM_20260927_193725_cff691
2026,4,Devops & Cloud,19,17,4,5,2,4,40.0,3004.0,158.11,,2026-09-27T19:37:25.908476+00:00,LOTE_BEAM_20260927_193725_cff691
2026,4,Engenharia De Dados,12,12,4,2,1,3,50.0,2979.0,248.25,,2026-09-27T19:37:25.908476+00:00,LOTE_BEAM_20260927_193725_cff691
2026,4,Inteligência Artificial,17,16,7,3,1,3,33.33,1419.0,83.47,,2026-09-27T19:37:25.908476+00:00,LOTE_BEAM_20260927_193725_cff691
2026,4,Programação & Software,9,9,5,1,1,1,100.0,840.0,93.33,,2026-09-27T19:37:25.908476+00:00,LOTE_BEAM_20260927_193725_cff691
2026,4,Segurança & Governança,14,13,4,7,1,0,14.29,491.0,35.07,,2026-09-27T19:37:25.908476+00:00,LOTE_BEAM_20260927_193725_cff691
2026,5,Banco De Dados,22,20,7,6,3,3,50.0,619.0,28.14,,2026-09-27T19:37:25.908476+00:00,LOTE_BEAM_20260927_193725_cff691
2026,5,Business Intelligence,18,18,7,2,5,1,250.0,423.0,23.5,,2026-09-27T19:37:25.908476+00:00,LOTE_BEAM_20260927_193725_cff691
2026,5,Ciência De Dados,11,10,2,3,1,2,33.33,1786.0,162.36,,2026-09-27T19:37:25.908476+00:00,LOTE_BEAM_20260927_193725_cff691
2026,5,Devops & Cloud,23,23,7,4,4,3,100.0,4091.0,177.87,,2026-09-27T19:37:25.908476+00:00,LOTE_BEAM_20260927_193725_cff691
2026,5,Engenharia De Dados,21,20,9,0,4,2,0.0,5261.0,250.52,,2026-09-27T19:37:25.908476+00:00,LOTE_BEAM_20260927_193725_cff691
2026,5,Inteligência Artificial,16,15,7,1,2,1,200.0,2628.0,164.25,,2026-09-27T19:37:25.908476+00:00,LOTE_BEAM_20260927_193725_cff691
2026,5,Programação & Software,17,16,6,6,1,3,16.67,1596.0,93.88,,2026-09-27T19:37:25.908476+00:00,LOTE_BEAM_20260927_193725_cff691
2026,5,Segurança & Governança,11,11,5,3,1,1,33.33,3737.0,339.73,,2026-09-27T19:37:25.908476+00:00,LOTE_BEAM_20260927_193725_cff691
2026,6,Banco De Dados,26,21,10,3,5,2,166.67,2818.0,108.38,,2026-09-27T19:37:25.908476+00:00,LOTE_BEAM_20260927_193725_cff691
2026,6,Business Intelligence,15,14,5,2,2,4,100.0,4464.0,297.6,,2026-09-27T19:37:25.908476+00:00,LOTE_BEAM_20260927_193725_cff691
2026,6,Ciência De Dados,19,18,5,4,3,0,75.0,1837.0,96.68,,2026-09-27T19:37:25.908476+00:00,LOTE_BEAM_20260927_193725_cff691
2026,6,Devops & Cloud,7,7,2,2,1,1,50.0,90.0,12.86,,2026-09-27T19:37:25.908476+00:00,LOTE_BEAM_20260927_193725_cff691
2026,6,Engenharia De Dados,20,19,10,5,1,3,20.0,3908.0,195.4,,2026-09-27T19:37:25.908476+00:00,LOTE_BEAM_20260927_193725_cff691
2026,6,Inteligência Artificial,20,19,5,3,3,5,100.0,1244.0,62.2,,2026-09-27T19:37:25.908476+00:00,LOTE_BEAM_20260927_193725_cff691
2026,6,Programação & Software,8,8,2,4,1,1,25.0,1163.0,145.38,,2026-09-27T19:37:25.908476+00:00,LOTE_BEAM_20260927_193725_cff691
2026,6,Segurança & Governança,18,16,8,4,0,4,0.0,6057.0,336.5,,2026-09-27T19:37:25.908476+00:00,LOTE_BEAM_20260927_193725_cff691
2026,7,Banco De Dados,12,10,9,1,0,1,0.0,3413.0,284.42,,2026-09-27T19:37:25.908476+00:00,LOTE_BEAM_20260927_193725_cff691
2026,7,Business Intelligence,21,21,9,4,1,1,25.0,4612.0,219.62,,2026-09-27T19:37:25.908476+00:00,LOTE_BEAM_20260927_193725_cff691
2026,7,Ciência De Dados,13,13,2,2,3,2,150.0,654.0,50.31,,2026-09-27T19:37:25.908476+00:00,LOTE_BEAM_20260927_193725_cff691
2026,7,Devops & Cloud,20,18,5,2,6,4,300.0,1992.0,99.6,,2026-09-27T19:37:25.908476+00:00,LOTE_BEAM_20260927_193725_cff691
2026,7,Engenharia De Dados,13,13,8,2,0,1,0.0,1387.0,106.69,,2026-09-27T19:37:25.908476+00:00,LOTE_BEAM_20260927_193725_cff691
2026,7,Inteligência Artificial,16,16,3,2,4,1,200.0,729.0,45.56,,2026-09-27T19:37:25.908476+00:00,LOTE_BEAM_20260927_193725_cff691
2026,7,Programação & Software,13,12,4,3,1,3,33.33,616.0,47.38,,2026-09-27T19:37:25.908476+00:00,LOTE_BEAM_20260927_193725_cff691
2026,7,Segurança & Governança,11,11,5,2,3,1,150.0,1517.0,137.91,,2026-09-27T19:37:25.908476+00:00,LOTE_BEAM_20260927_193725_cff691
2026,8,Banco De Dados,13,12,0,4,4,2,100.0,491.0,37.77,,2026-09-27T19:37:25.908476+00:00,LOTE_BEAM_20260927_193725_cff691
2026,8,Business Intelligence,15,14,5,2,3,3,150.0,1792.0,119.47,,2026-09-27T19:37:25.908476+00:00,LOTE_BEAM_20260927_193725_cff691
2026,8,Ciência De Dados,13,12,4,2,2,2,100.0,271.0,20.85,,2026-09-27T19:37:25.908476+00:00,LOTE_BEAM_20260927_193725_cff691
2026,8,Devops & Cloud,10,10,3,1,2,1,200.0,733.0,73.3,,2026-09-27T19:37:25.908476+00:00,LOTE_BEAM_20260927_193725_cff691
2026,8,Engenharia De Dados,10,9,3,3,3,0,100.0,2130.0,213.0,,2026-09-27T19:37:25.908476+00:00,LOTE_BEAM_20260927_193725_cff691
2026,8,Inteligência Artificial,14,13,5,3,2,1,66.67,1454.0,103.86,,2026-09-27T19:37:25.908476+00:00,LOTE_BEAM_20260927_193725_cff691
2026,8,Programação & Software,15,15,5,2,4,2,200.0,1907.0,127.13,,2026-09-27T19:37:25.908476+00:00,LOTE_BEAM_20260927_193725_cff691
2026,8,Segurança & Governança,7,7,0,2,2,1,100.0,2523.0,360.43,,2026-09-27T19:37:25.908476+00:00,LOTE_BEAM_20260927_193725_cff691
